business_id,avg_score,categories,name,state,working_hours,city,address
cVBxfMC4lp3DnocjYA3FHQ,5.0,"['Coffee & Tea', ' Cafes', ' Pets', ' Restaurants', ' Pet Adoption', ' Food']",Paws The Cat Cafe,AB,"{'Monday': '0:0-0:0', 'Tuesday': '10:0-21:0', 'Wednesday': '10:0-21:0', 'Thursday': '10:0-21:0', 'Friday': '10:0-20:0', 'Saturday': '10:0-18:0', 'Sunday': '10:0-18:0'}",Edmonton,10588 109 Street
dEiU3tt70NKYJaXoQq-L5w,5.0,"['Shoe Repair', ' Local Services']",Expert Shoe Clinic,AB,"{'Monday': '8:0-17:0', 'Tuesday': '8:0-17:0', 'Wednesday': '8:0-17:0', 'Thursday': '8:0-17:0', 'Friday': '8:0-17:0', 'Saturday': '11:0-15:0'}",Edmonton,10020 - 103 Avenue
-AnhOOC-KXKNUT-ksYY9sw,5.0,"['Makeup Artists', ' Blow Dry/Out Services', ' Hair Salons', ' Beauty & Spas', ' Cosmetics & Beauty Supply', ' Shopping', ' Eyelash Service']",Crème de la Crème,AB,"{'Monday': '12:0-18:0', 'Tuesday': '12:0-18:0', 'Wednesday': '12:0-18:0', 'Thursday': '12:0-18:0', 'Friday': '10:0-18:0', 'Saturday': '10:0-18:0'}",Sherwood Park,"150 Chippewa Road, Unit 182"
sU0eYd56_QArBBBlULxQaQ,5.0,"['Pets', ' Breakfast & Brunch', ' Veterinarians', ' Restaurants']",Mayfield Veterinary Hospital,AB,,Edmonton,16808 106 Avenue NW
-4qjiD8Rk5yNDHM6H06A2Q,5.0,"['Local Services', ' Septic Services', ' Plumbing', ' Heating & Air Conditioning/HVAC', ' Water Heater Installation/Repair', ' Home Services']",Little Plumber Girl,AB,"{'Monday': '0:0-0:0', 'Tuesday': '0:0-0:0', 'Wednesday': '0:0-0:0', 'Thursday': '0:0-0:0', 'Friday': '0:0-0:0', 'Saturday': '0:0-0:0', 'Sunday': '0:0-0:0'}",Edmonton,10411 45th Street NW
lck-EHpJkPWQyUpuCBcVdw,5.0,"['Historical Tours', ' Tours', ' Walking Tours', ' Hotels & Travel', ' Art Tours']",Edmonton Ghost Tours,AB,,Edmonton,
MrD02BxNjCKenZT5CJ-xiQ,5.0,"['Massage', ' Beauty & Spas', ' Day Spas']",Heaven Essence Day Spa,AB,"{'Tuesday': '9:30-20:0', 'Wednesday': '9:30-20:0', 'Thursday': '9:30-20:0', 'Friday': '9:30-20:0', 'Saturday': '9:30-16:30'}",St Albert,"15 Circle Drive, Suite 123"
VqqDJmyKRKwo5e26JxLCrw,5.0,"['Hair Salons', ' Barbers', ' Beauty & Spas']",High Park Barber & Salon,AB,"{'Monday': '10:0-18:0', 'Tuesday': '10:0-18:0', 'Wednesday': '10:0-19:0', 'Thursday': '10:0-19:0', 'Friday': '10:0-18:0', 'Saturday': '10:0-17:0'}",Edmonton,10913 156 Street
whzkbvSdu3-Muk2Vcr_V-g,5.0,"['Automotive', ' Auto Glass Services', ' Windshield Installation & Repair']",Champion Auto Glass,AB,"{'Monday': '0:0-0:0', 'Tuesday': '8:0-17:0', 'Wednesday': '8:0-17:0', 'Thursday': '8:0-17:0', 'Friday': '8:0-17:0', 'Saturday': '9:0-13:0'}",Edmonton,12003 149 Street NW
2pND51XvUbWrvUa4gcCr2A,5.0,"['Veterinarians', ' Pets']",Whitemud Crossing Animal Hospital,AB,"{'Monday': '8:30-18:0', 'Tuesday': '8:30-18:0', 'Wednesday': '8:30-18:0', 'Thursday': '8:30-18:0', 'Friday': '8:30-18:0', 'Saturday': '9:0-16:0', 'Sunday': '9:0-17:0'}",Edmonton,"4211 106 Street NW, Suite110"
E-nhxuu3zbt02oCj_1AFng,5.0,"['Waxing', ' Hair Removal', ' Skin Care', ' Eyelash Service', ' Beauty & Spas']",Selah,AZ,"{'Monday': '0:0-0:0', 'Tuesday': '10:0-18:0', 'Wednesday': '10:0-18:0', 'Thursday': '10:0-18:0', 'Friday': '10:0-18:0', 'Saturday': '9:0-17:0', 'Sunday': '9:0-17:0'}",Tucson,"510 N 7th Ave, Ste 130"
FJDvhCGIwKuohPOK7JfLuA,5.0,"['Home Services', ' Keys & Locksmiths']",Key One,AZ,"{'Monday': '8:0-16:0', 'Tuesday': '8:0-16:0', 'Wednesday': '8:0-16:0', 'Thursday': '8:0-16:0', 'Friday': '8:0-16:0'}",Tucson,
Jov0PmO5g5lXGQyPiEZyXw,5.0,"['Shopping', ' Furniture Stores', ' Antiques', ' Home & Garden']",Colonial Frontiers,AZ,"{'Tuesday': '10:0-16:0', 'Wednesday': '10:0-16:0', 'Thursday': '10:0-16:0', 'Friday': '10:0-16:0', 'Saturday': '10:0-16:0'}",Tucson,244 S Park Ave
adATTqggIQX5xxLDISkFTw,5.0,"['Food Trucks', ' Restaurants', ' Caterers', ' Event Planning & Services', ' Food', ' Mexican', ' Spanish', ' Desserts']",Just Churros,AZ,"{'Monday': '0:0-0:0', 'Friday': '15:0-21:0', 'Saturday': '15:0-21:0'}",Tucson,
dRqRBDrQZsNKo72JlEcejw,5.0,"['Car Wash', ' Automotive', ' Auto Detailing']",RECON Auto Detailing,AZ,"{'Monday': '0:0-0:0', 'Tuesday': '8:0-17:0', 'Wednesday': '8:0-17:0', 'Thursday': '8:0-17:0', 'Friday': '8:0-17:0'}",Catalina Foothills,
lq4bgjDiAYR6i63-ZDiBGg,5.0,"['Event Planning & Services', ' DJs']",Muse Entertainment,AZ,,Tucson,
sSCTL4XvhBPZDdmnOYGmGA,5.0,"['Home Services', ' Real Estate', ' Real Estate Agents']",Corissa Miller,AZ,"{'Monday': '0:0-0:0', 'Tuesday': '0:0-0:0', 'Wednesday': '0:0-0:0', 'Thursday': '0:0-0:0', 'Friday': '0:0-0:0', 'Saturday': '0:0-0:0', 'Sunday': '0:0-0:0'}",Tucson,Tucson's Tlc Realty
yX-eHIG--H3geTNWZ2Q6SA,5.0,"['Shaved Ice', ' Food Stands', ' Restaurants', ' Street Vendors', ' Food Trucks', ' Food', ' Desserts']",Crush Gourmet Raspados,AZ,"{'Monday': '9:0-9:0', 'Tuesday': '9:0-9:0', 'Wednesday': '9:0-9:0', 'Thursday': '9:0-9:0', 'Friday': '9:0-9:0', 'Saturday': '9:0-9:0', 'Sunday': '9:0-9:0'}",Tucson,1712 N Santa Rosa Ave
kJb4o8aZ_93iBMq-Hery1w,5.0,"['Automotive', ' Auto Repair', ' Oil Change Stations', ' Tires']",BRAKEmax,AZ,"{'Monday': '0:0-0:0', 'Tuesday': '7:30-18:0', 'Wednesday': '7:30-18:0', 'Thursday': '7:30-18:0', 'Friday': '7:30-18:0', 'Saturday': '8:0-17:0'}",Tucson,3206 E Valencia Rd
ixj7fzkBZOvwIphmfbyJMg,5.0,"['Food', ' Candy Stores', ' Specialty Food']",Purple Penguin Candy Emporium,AZ,"{'Monday': '10:30-17:0', 'Tuesday': '10:30-17:0', 'Thursday': '10:30-17:0', 'Friday': '10:30-17:0', 'Saturday': '10:0-17:0', 'Sunday': '11:0-16:0'}",Tucson,3392 E 22nd St
Pns2l4eNsfO8kk83dixA6A,5.0,"['Doctors', ' Traditional Chinese Medicine', ' Naturopathic/Holistic', ' Acupuncture', ' Health & Medical', ' Nutritionists']","Abby Rappoport, LAC, CMQ",CA,,Santa Barbara,"1616 Chapala St, Ste 2"
bYjnX_J1bHZob10DoSFkqQ,5.0,"['Parenting Classes', ' Maternity Wear', ' Fashion', ' Education', ' Specialty Schools', ' Local Services', ' Home Services', ' Laundry Services', ' Child Care & Day Care', ' Shopping', ' Baby Gear & Furniture']",Tinkle Belle Diaper Service,CA,"{'Monday': '0:0-0:0', 'Tuesday': '10:0-18:0', 'Wednesday': '10:0-18:0', 'Thursday': '10:0-18:0', 'Friday': '10:0-18:0', 'Saturday': '11:0-14:0'}",Santa Barbara,
xF9r1XbMvEOsJeHlmFhIvw,5.0,"['Professional Services', ' Officiants', ' Event Planning & Services', ' Wedding Planning']",Weddings in Santa Barbara,CA,"{'Monday': '6:0-23:30', 'Tuesday': '6:0-23:30', 'Wednesday': '6:0-23:30', 'Thursday': '6:0-23:30', 'Friday': '6:0-23:30', 'Saturday': '6:0-23:30', 'Sunday': '6:0-23:30'}",Santa Barbara,263 Santa Monica Way
Rad7bl6MFOEemh41CdREMQ,5.0,"['Community Service/Non-Profit', ' Shopping', ' Local Services', ' Bike Rentals', ' Bikes', ' Bike Repair/Maintenance', ' Active Life', ' Sporting Goods']",Isla Vista Community Bike Center,CA,"{'Monday': '10:0-22:0', 'Tuesday': '10:0-22:0', 'Wednesday': '10:0-22:0', 'Thursday': '10:0-22:0', 'Friday': '10:0-22:0', 'Saturday': '10:0-19:0', 'Sunday': '10:0-19:0'}",Isla Vista,6584 Madrid Rd
X7FQ5k29A_RRYep7TOfjtw,5.0,"['Health & Medical', ' Beauty & Spas', ' Skin Care', ' Acupuncture', ' Massage', ' Traditional Chinese Medicine']","Dawna Ara, DACM, LAc",CA,"{'Tuesday': '9:0-16:0', 'Wednesday': '9:0-16:0', 'Thursday': '9:0-16:0'}",Santa Barbara,"23 Hitchcock Way, Ste 110"
82suwumWp1MEq04QhiS9DQ,5.0,"['Recreation Centers', ' Arts & Entertainment', ' Virtual Reality Centers', ' Active Life']",Surreal Virtual Reality Studio,CA,"{'Monday': '11:0-20:0', 'Friday': '16:0-20:0', 'Saturday': '16:0-20:0', 'Sunday': '16:0-20:0'}",Santa Barbara,"436 State St, Ste B"
BkmVHg6HjHWMc0OFxcd6VQ,5.0,"['Hair Stylists', ' Beauty & Spas', ' Hair Extensions', ' Hair Salons']",Hair By Audrey Johnson,CA,"{'Tuesday': '9:0-17:0', 'Wednesday': '9:0-17:0', 'Thursday': '9:0-17:0', 'Friday': '9:0-17:0', 'Saturday': '9:0-16:0'}",Santa Barbara,
Jb1MlURq6ItKZ244tyoirA,5.0,"['Real Estate Agents', ' Home Services', ' Real Estate', ' Real Estate Services']",Jessie Sessions - Berkshire Hathaway Santa Barbara,CA,"{'Monday': '0:0-0:0', 'Tuesday': '0:0-0:0', 'Wednesday': '0:0-0:0', 'Thursday': '0:0-0:0', 'Friday': '0:0-0:0', 'Saturday': '0:0-0:0', 'Sunday': '0:0-0:0'}",Santa Barbara,3868 State St
wYROX7rw9fkQrWUS2YyY9g,5.0,"['Trainers', ' Health & Medical', ' Nutritionists', ' Boot Camps', ' Fitness & Instruction', ' Gyms', ' Active Life']",Will Nelson Fitness,CA,"{'Monday': '5:0-19:0', 'Tuesday': '5:0-19:0', 'Wednesday': '5:0-19:0', 'Thursday': '5:0-19:0', 'Friday': '5:0-19:0', 'Saturday': '6:0-13:0', 'Sunday': '6:0-13:0'}",Santa Barbara,"324 State St, Ste C"
BMTtMWDR3zcR5T30GFDoXQ,5.0,"['Real Estate', ' Home Services', ' Home Inspectors', ' Handyman', ' Real Estate Services']",CA Pro Home Inspection,CA,"{'Monday': '8:0-20:0', 'Tuesday': '8:0-20:0', 'Wednesday': '8:0-20:0', 'Thursday': '8:0-20:0', 'Friday': '8:0-20:0', 'Saturday': '8:0-20:0', 'Sunday': '8:0-20:0'}",Santa Barbara,"3463 State St, Ste 139"
C_k12ohqzRrF0P9aJVwocQ,4.5,"['Photographers', ' Event Planning & Services', ' Professional Services']",Travis Darnell Photography,CO,"{'Monday': '10:0-21:0', 'Tuesday': '10:0-21:0', 'Wednesday': '10:0-21:0', 'Thursday': '10:0-21:0', 'Friday': '10:0-21:0', 'Saturday': '10:0-21:0', 'Sunday': '10:0-21:0'}",Denver,
g0mm9BzcG7AdpTbJf2gzgA,4.0,"['Sporting Goods', ' Shopping', ' Outdoor Gear']",Breeze Ski Rentals,CO,,Dumont,I 70 & Dumont
1H9WYGFJ4AFwXq7WCOOMtg,3.5,"['Buffets', ' Restaurants']",Two Elk Restaurant,CO,,Vail,12000 Skyline Dr
tj9T7SUDD0SZZwq0LqKz4Q,5.0,"['Food', ' Beer', ' Wine & Spirits']",Pecos Liquor Store,DE,"{'Monday': '9:30-22:0', 'Tuesday': '9:30-22:0', 'Wednesday': '9:30-22:0', 'Thursday': '9:30-22:0', 'Friday': '9:30-22:0', 'Saturday': '9:30-22:0', 'Sunday': '12:0-17:0'}",Wilmington,522 Philadelphia Pike
_Oksx3ALgKLRVxeAR8l_qA,5.0,"['Restaurants', ' Mexican', ' Arts & Entertainment', ' Event Planning & Services', ' Italian', ' Gluten-Free', ' Nightlife', ' Lounges', ' Vegan', ' Bars', ' Caterers', ' Vegetarian']",V-Trap Kitchen and Lounge,DE,"{'Monday': '0:0-0:0', 'Tuesday': '12:0-19:0', 'Wednesday': '12:0-19:0', 'Thursday': '12:0-19:0', 'Friday': '12:0-21:0', 'Saturday': '12:0-21:0'}",Wilmington,607 N Lincoln St
h1TvMmhnpzyPlHR7KWa2pQ,5.0,"['Florists', ' Shopping', ' Accessories', ' Fashion', ' Gift Shops', ' Flowers & Gifts']",Petals Flowers & Fine Gifts,DE,"{'Monday': '10:0-17:0', 'Tuesday': '10:0-17:0', 'Wednesday': '10:0-17:0', 'Thursday': '10:0-17:0', 'Friday': '10:0-17:0', 'Saturday': '10:0-16:0'}",Wilmington,4 West Rockland Rd
RUoemZWbbCz0gAfAovIJQQ,5.0,"['Pet Groomers', ' Pets', ' Pet Services']",Bark Avenue Dog Day Camp,DE,"{'Monday': '7:30-18:30', 'Tuesday': '7:30-18:30', 'Wednesday': '7:30-18:30', 'Thursday': '7:30-18:30', 'Friday': '7:30-18:30'}",Claymont,"100 Naamans Rd, Ste 2A"
a2fJVXFAfjCMrPBQIDNAQw,5.0,"['Auto Repair', ' Automotive']",Brian's Auto Service,DE,"{'Monday': '8:0-17:0', 'Tuesday': '8:0-17:0', 'Wednesday': '8:0-17:0', 'Thursday': '8:0-17:0', 'Friday': '8:0-17:0'}",Wilmington,1301 Centerville Rd
Vo4NZBtF3mr6EJitNnq-Wg,5.0,"['Restaurants', ' Pizza', ' Salad', ' Sushi Bars']",Pizzeria Maki,DE,,Greenville,"4007 Kennett Pike, Ste A"
sFtEbnWDtIADseyr8Lx6Qw,5.0,"['Caribbean', ' Restaurants', ' Food']",Spice N' Nice,DE,"{'Monday': '11:0-18:0', 'Tuesday': '11:0-18:0', 'Wednesday': '11:0-18:0', 'Thursday': '11:0-18:0', 'Friday': '11:0-18:0', 'Saturday': '8:30-18:0'}",New Castle,3125 New Castle Ave
rS4WHgdijBcg4LRCGfyrJQ,5.0,"['Automotive', ' Tires', ' Auto Repair']",Phil's Auto Repair,DE,"{'Monday': '8:0-17:0', 'Tuesday': '8:0-17:0', 'Wednesday': '8:0-17:0', 'Thursday': '8:0-17:0', 'Friday': '8:0-17:0'}",Wilmington,601 Boxwood Rd
kwIdf04VPKwlqBtcubQuNw,5.0,"['Auto Repair', ' Automotive']",Ray's Certified Auto Repair,DE,"{'Monday': '8:0-17:0', 'Tuesday': '8:0-17:0', 'Wednesday': '8:0-17:0', 'Thursday': '8:0-17:0', 'Friday': '8:0-17:0'}",Wilmington,2042 Telegraph Rd
PnJOVC9WGuMrNi5vQ04gMA,5.0,"['Hair Salons', ' Massage', ' Beauty & Spas', ' Day Spas']",Bliss Elements Salon and Spa,DE,"{'Tuesday': '10:0-18:0', 'Wednesday': '10:0-18:0', 'Thursday': '10:0-18:0', 'Friday': '10:0-18:0', 'Saturday': '7:0-11:30'}",Wilmington,2400 Kirkwood Hwy
jaxMSoInw8Poo3XeMJt8lQ,5.0,"['General Dentistry', ' Dentists', ' Health & Medical', ' Cosmetic Dentists']",Adams Dental,FL,"{'Monday': '7:30-15:30', 'Tuesday': '7:30-15:30', 'Wednesday': '7:30-15:30', 'Thursday': '7:30-15:30'}",Clearwater,15 N Missouri Ave
RK6-cJ9hj53RzOlCBmpT-g,5.0,"['Restaurants', ' Italian', ' Food Trucks', ' Food']",Impasto,FL,"{'Monday': '0:0-0:0', 'Tuesday': '0:0-0:0', 'Wednesday': '0:0-0:0', 'Thursday': '0:0-0:0', 'Friday': '0:0-0:0', 'Saturday': '0:0-0:0', 'Sunday': '0:0-0:0'}",Tampa,
bi3SICnYEuFC7Cihyqz8Nw,5.0,"['Tires', ' Automotive']",Thach Used Tires,FL,"{'Monday': '9:0-18:0', 'Tuesday': '9:0-18:0', 'Wednesday': '9:0-18:0', 'Thursday': '9:0-18:0', 'Friday': '9:0-18:0', 'Saturday': '9:0-18:0'}",Tampa,4916 Causeway Blvd
G89OuZ3sIEfOR5cXeDqNaA,5.0,"['Barbers', ' Beauty & Spas']",Bulls Barbershop,FL,"{'Monday': '9:0-20:0', 'Tuesday': '9:0-20:0', 'Wednesday': '9:0-20:0', 'Thursday': '9:0-20:0', 'Friday': '9:0-20:0', 'Saturday': '9:0-19:0', 'Sunday': '10:0-17:0'}",Temple Terrace,10811 N 56th St
Rz0KfP7YAZV_yQE8uIB0fg,5.0,"['Puerto Rican', ' Caribbean', ' Latin American', ' Restaurants']",El Sabor Boricua,FL,"{'Wednesday': '11:0-15:0', 'Thursday': '11:0-15:0', 'Friday': '11:0-17:0', 'Saturday': '11:0-18:0', 'Sunday': '11:0-17:0'}",Tampa,11612 N Nebraska Ave
bNJSy64VXxQ3RZ8tNpM-fA,5.0,"['Active Life', ' Parasailing', ' Beaches', ' Boating']",Parasailing The Pass,FL,"{'Monday': '9:0-17:0', 'Tuesday': '9:0-17:0', 'Wednesday': '9:0-17:0', 'Thursday': '9:0-17:0', 'Friday': '9:0-17:0', 'Saturday': '9:0-17:0', 'Sunday': '9:0-17:0'}",Treasure Island,12754 Kingfish Dr
LFPJXiuM357JZ-d0vv6yxw,5.0,"['Pest Control', ' Wildlife Control', ' Local Services', ' Gutter Services', ' Insulation Installation', ' Home Services']",Wildout Animal & Pest Removal Tampa,FL,"{'Monday': '0:0-0:0', 'Tuesday': '8:0-18:0', 'Wednesday': '8:0-18:0', 'Thursday': '8:0-18:0', 'Friday': '8:0-18:0', 'Saturday': '8:0-12:0'}",Tampa,13815 Cypress Village Cir
g736EKijhJTrQbqoQAo9Tw,5.0,"['Pet Services', ' Pet Groomers', ' Pet Sitting', ' Pets']",The Pet Trailer Mobile Grooming,FL,"{'Monday': '8:0-18:0', 'Tuesday': '8:0-18:0', 'Wednesday': '8:0-18:0', 'Thursday': '8:0-18:0', 'Friday': '8:0-18:0'}",Pinellas Park,6153 103rd Ave N
AgbRp5NLsP1-J1fdg6Hdcw,5.0,"['Sporting Goods', ' Bikes', ' Shopping']",Hands On Bicycle,FL,"{'Monday': '6:0-17:0', 'Tuesday': '6:0-17:0', 'Wednesday': '6:0-17:0', 'Thursday': '6:0-17:0', 'Friday': '6:0-17:0', 'Saturday': '6:0-14:0'}",Clearwater,1453 Gulf To Bay Blvd
p3QzxYDXLs6AthCldH-_Og,5.0,"['Contractors', ' Garage Door Services', ' Home Services']",James L Frank Door Service,FL,"{'Monday': '8:0-17:30', 'Tuesday': '8:0-17:30', 'Wednesday': '8:0-17:30', 'Thursday': '8:0-17:30', 'Friday': '8:0-17:30'}",Wesley Chapel,6415 Wendell Dr
_sE5Fw4Ui2XbvMLPUL9Bcw,5.0,"['Event Planning & Services', ' Professional Services', ' Session Photography', ' Photographers', ' Event Photography']",2 Sisters Photography,HI,"{'Monday': '16:0-20:0', 'Tuesday': '16:0-20:0', 'Wednesday': '16:0-20:0', 'Thursday': '16:0-20:0', 'Friday': '16:0-20:0', 'Saturday': '6:0-20:0', 'Sunday': '6:0-20:0'}",Tucson,
bw90rjFL02A_8rVE34m5Lg,3.5,"['Cosmetic Surgeons', ' Pizza', ' Doctors', ' Beauty & Spas', ' Nail Salons', ' Cosmetics & Beauty Supply', ' Chiropractors', ' Shopping', ' Restaurants', ' Health & Medical']",Cosmetic Solutions,HI,,Lula Lula,1010 Lula Lula Dr
fvWn8oXXwbj2l79cochZyw,5.0,"['Trampoline Parks', ' Active Life']",Altitude Trampoline Park - Boise,ID,"{'Monday': '10:0-20:0', 'Tuesday': '10:0-20:0', 'Wednesday': '10:0-20:0', 'Thursday': '10:0-20:0', 'Friday': '10:0-22:0', 'Saturday': '9:0-22:0', 'Sunday': '10:0-20:0'}",Boise,1301 N Milwaukee St
n7AQvGvNHlmun3kqXeBKVQ,5.0,"['Local Services', ' Appliances & Repair']",Roy's Appliance Service,ID,"{'Monday': '0:0-0:0', 'Tuesday': '8:30-15:0', 'Wednesday': '8:30-15:0', 'Thursday': '8:30-15:0', 'Friday': '8:30-15:0'}",Meridian,
U2Tzy6J9aAAg9pzXsgdkvg,5.0,"['Real Estate', ' Home Services', ' Financial Services', ' Mortgage Brokers', ' Mortgage Lenders']",Premier Mortgage Resources,ID,"{'Monday': '0:0-0:0', 'Tuesday': '0:0-0:0', 'Wednesday': '0:0-0:0', 'Thursday': '0:0-0:0', 'Friday': '0:0-0:0', 'Saturday': '0:0-0:0', 'Sunday': '0:0-0:0'}",Meridian,"3363 E Presidential Dr, Ste 200"
34YgAnnZAPOeu8E-6IESJQ,5.0,"['Session Photography', ' Photographers', ' Pets', ' Pet Services', ' Event Planning & Services', ' Pet Photography', ' Real Estate Services', ' Real Estate Photography', ' Event Photography', ' Real Estate', ' Home Services']",Think Box Photography,ID,"{'Monday': '0:0-0:0', 'Tuesday': '0:0-0:0', 'Wednesday': '0:0-0:0', 'Thursday': '0:0-0:0', 'Friday': '0:0-0:0', 'Saturday': '0:0-0:0', 'Sunday': '0:0-0:0'}",Boise,
LdQUIP4_DPnJjq-Jf2_iNg,5.0,"['Auto Repair', ' Automotive', ' Auto Customization']",Boise 4x4,ID,"{'Monday': '9:0-17:0', 'Tuesday': '9:0-17:0', 'Wednesday': '9:0-17:0', 'Thursday': '9:0-17:0', 'Friday': '9:0-17:0'}",Boise,2760 S Featherly Way
5SV2YI6MBSOWaEwB8pBHtQ,5.0,"['Hair Salons', ' Beauty & Spas']",Collective Concept,ID,"{'Monday': '10:0-17:0', 'Tuesday': '8:45-19:30', 'Wednesday': '8:45-19:30', 'Thursday': '7:45-19:45', 'Friday': '7:45-18:0', 'Saturday': '10:30-17:0'}",Boise,114 S 5th St
rHYkTWW9JnbqMYKrTzGFPg,5.0,"['Tires', ' Trailer Repair', ' Automotive', ' Badminton', ' Active Life', ' Auto Parts & Supplies']",Major Tire & Hitch,ID,"{'Monday': '8:0-17:0', 'Tuesday': '8:0-17:0', 'Wednesday': '8:0-17:0', 'Thursday': '8:0-17:0', 'Friday': '8:0-17:0'}",Boise,106 W 40th St
NmWcA9gceH74HU-GNoQeNg,5.0,"['House Sitters', ' Home Services', ' Pet Hospice', ' Dog Walkers', ' Health & Medical', ' Pet Services', ' Pet Transportation', ' Active Life', ' Pets', ' Dog Parks', ' Parks', ' Pet Sitting']",Zen Pet Care Services,ID,"{'Monday': '0:0-0:0', 'Tuesday': '0:0-0:0', 'Wednesday': '0:0-0:0', 'Thursday': '0:0-0:0', 'Friday': '0:0-0:0', 'Saturday': '0:0-0:0', 'Sunday': '0:0-0:0'}",Boise,851 W Front St
hDZlx3y8F4TdajLV8BtQlw,5.0,"['Real Estate', ' Real Estate Agents', ' Home Services']",Sower Real Estate - Keller Williams Realty Boise,ID,"{'Monday': '9:0-20:0', 'Tuesday': '9:0-20:0', 'Wednesday': '9:0-20:0', 'Thursday': '9:0-20:0', 'Friday': '9:0-20:0', 'Saturday': '9:0-20:0'}",Boise,1065 S Allante Pl
NToqVTAl9cCs-HFw2UxZfg,5.0,"['Food', ' Beer', ' Wine & Spirits']",Liquor Stores,ID,,Boise,5180 W Overland Rd
bCBPXIVfVzBZBEpFu29dcg,5.0,"['Shipping Centers', ' Local Services']",All In Shipping,IL,,Belleville,5343 Belleville Crossing St
MOBvgVwvZMV8hyngcr7hfw,5.0,"['Veterinarians', ' Pets']",Shiloh Veterinary Clinic,IL,"{'Monday': '8:0-18:0', 'Tuesday': '7:0-18:0', 'Thursday': '7:0-18:0', 'Friday': '8:0-17:0', 'Saturday': '8:0-12:0'}",Shiloh,3690 Green Mount Crossing
RpWoiNTe8mCVrcMoCDa86w,5.0,"['Antiques', ' Shopping']",My Vintage Addiction,IL,"{'Tuesday': '10:0-17:0', 'Wednesday': '10:0-17:0', 'Thursday': '10:0-17:0', 'Friday': '10:0-17:0', 'Saturday': '10:0-17:0'}",Belleville,119 E Main St
iipnazeY9eoANJ37l5fKwA,5.0,"['Packing Services', ' Shipping Centers', ' Local Services', ' Home Services']",Post Pack & Ship,IL,,O'Fallon,637 W Hwy 50
f_6cI4MdPem_48WgD1Ofcw,5.0,"['Restaurants', ' Southern', ' Food Trucks', ' Food', ' Breakfast & Brunch', ' Desserts']",Clara B's Kitchen Table,IL,,Swansea,
PjBvEA5nhi7mxPQmdziKjA,5.0,"['Event Planning & Services', ' Photographers']",Conner Photography,IL,"{'Tuesday': '9:0-17:0', 'Wednesday': '9:0-17:0', 'Thursday': '9:0-17:0', 'Friday': '9:0-17:0'}",Collinsville,101 E Main St
ifpC9lWYeOnNqs0Zgb5T_Q,5.0,"['Axe Throwing', ' Active Life']",The Axe Company,IL,"{'Wednesday': '17:0-22:0', 'Thursday': '17:0-22:0', 'Friday': '16:0-0:0', 'Saturday': '12:0-0:0', 'Sunday': '12:0-20:0'}",Glen Carbon,"20 Kettle River Dr, Ste A"
Birks4csk8zknL5a5QCiow,5.0,"['Ice Cream & Frozen Yogurt', ' Food']",Mello Freeze,IL,"{'Monday': '12:0-21:0', 'Tuesday': '12:0-21:0', 'Wednesday': '12:0-21:0', 'Thursday': '12:0-21:0', 'Friday': '12:0-21:0', 'Saturday': '12:0-21:0', 'Sunday': '12:0-21:0'}",East Saint Louis,1437 Bond Ave
o1ujL88KoXaX2y3hRzmyqQ,5.0,"['Acupuncture', ' Health & Medical', ' Physical Therapy', ' Weight Loss Centers', ' Massage Therapy', ' Chiropractors']",Darin Chiropractic,IL,"{'Monday': '0:0-0:0', 'Tuesday': '8:0-18:0', 'Wednesday': '2:0-18:0', 'Thursday': '8:0-18:0'}",Granite City,"62040-3980, Ste D"
_D7QoWuQKMXk0mEE7r_Ftw,5.0,"['Beer', ' Wine & Spirits', ' Bars', ' Wineries', ' Food', ' Nightlife', ' Arts & Entertainment', ' Wine Bars', ' Wine Tasting Room']",Chateau La VIn,IL,"{'Wednesday': '17:0-21:0', 'Thursday': '17:0-21:0', 'Friday': '17:0-23:0', 'Saturday': '16:0-23:0'}",Columbia,119 S Main St
REwfwz-_-CMQ7Np5UVi9Qg,5.0,"['Real Estate Agents', ' Home Services', ' Real Estate']",Jennie Deckert,IN,,Carmel,
vR9_bhoszcpXbB_APv6Xlw,5.0,"['Fashion', ' Shopping', "" Men's Clothing""]",James Dant,IN,"{'Monday': '11:0-17:0', 'Tuesday': '11:0-17:0', 'Wednesday': '11:0-17:0', 'Thursday': '11:0-17:0', 'Friday': '11:0-17:0', 'Saturday': '11:0-17:0'}",Indianapolis,5624 E Washington St
Q3kQYhkYxSRyYyeBgtk--A,5.0,"['Home Services', ' Glass & Mirrors', ' Door Sales/Installation']",Cook's Glass & Mirror,IN,"{'Monday': '8:0-17:0', 'Tuesday': '8:0-17:0', 'Wednesday': '8:0-17:0', 'Thursday': '8:0-17:0', 'Friday': '8:0-17:0'}",Indianapolis,5703 W Morris St
U2htB9qk4hOXCdkccvvW0Q,5.0,"['Shopping', ' Books', ' Mags', ' Music & Video', ' Toy Stores', ' Hobby Shops', ' Comic Books']",D's Toys,IN,"{'Tuesday': '11:0-19:0', 'Wednesday': '11:0-19:0', 'Thursday': '11:0-19:0', 'Friday': '11:0-19:0', 'Saturday': '11:0-19:0', 'Sunday': '12:0-17:0'}",Indianapolis,"2616 Brill Rd, Ste A"
tSFXJ0GFl5iUdy021YgWLw,5.0,"['Arts & Entertainment', ' Nightlife', ' Jazz & Blues', ' Restaurants', ' Pizza', ' Southern']",The Mad Griddle ,IN,"{'Monday': '11:0-21:0', 'Tuesday': '11:0-21:0', 'Wednesday': '11:0-21:0', 'Thursday': '11:0-21:0', 'Friday': '11:0-22:0', 'Saturday': '11:0-22:0', 'Sunday': '11:0-17:0'}",Indianapolis,2127 E 10th St
gRHd5bRosRWQBckzPawf-w,5.0,"['Photography Stores & Services', ' Beauty & Spas', ' Hair Salons', ' Home & Garden', ' Art Galleries', ' Day Spas', ' Arts & Entertainment', ' Shopping']",Blue Wren Studio,IN,,Indianapolis,"1043 Virginia Ave, Ste 214"
Ir5Ts-NC7DDTL3XLizhV3g,5.0,"['Playgrounds', ' Kids Activities', ' Active Life', ' Parks', ' Basketball Courts']",City Center Park,IN,,Greenwood,415 Lincoln St
2TLNzc2WVzJMa-IRTYMINQ,5.0,"['Beauty & Spas', ' Hair Salons', ' Waxing', ' Nail Salons', ' Hair Removal']",Appreciate You Hair And Nails,IN,"{'Monday': '9:0-19:0', 'Tuesday': '9:0-19:0', 'Wednesday': '9:0-19:0', 'Thursday': '9:0-19:0', 'Friday': '9:0-19:0', 'Saturday': '9:0-17:30'}",Indianapolis,4507 E 82nd St
ZY4R4YD3uGmzyECzEdr1rg,5.0,"['Tutoring Centers', ' Specialty Schools', ' Test Preparation', ' Adult Education', ' Education']",Project Management Academy,IN,"{'Monday': '8:30-18:0', 'Tuesday': '8:30-18:0', 'Wednesday': '8:30-18:0', 'Thursday': '8:30-18:0', 'Friday': '8:30-18:0'}",Carmel,"Hampton by Hilton North Carmel, 12197 N Meridian St"
fjvaxQ_-MpCk-e_Hy_9AZA,5.0,"['Art Classes', ' Education', ' Arts & Entertainment']",Board & Brush Greenwood,IN,"{'Tuesday': '0:0-0:0', 'Wednesday': '0:0-0:0', 'Thursday': '0:0-0:0', 'Friday': '0:0-0:0', 'Saturday': '0:0-0:0', 'Sunday': '0:0-0:0'}",Greenwood,200 West Main St
CPor0p2hvvHJJN4L0U_zEg,5.0,"['Pet Services', ' Pets', ' Pet Training']",Ann Becnel Companion Dogs,LA,"{'Monday': '0:0-0:0', 'Tuesday': '9:0-17:0', 'Wednesday': '9:0-17:0', 'Thursday': '9:0-17:0', 'Friday': '9:0-17:0', 'Saturday': '9:0-17:0'}",New Orleans,6107 W End Blvd
GrzCVNDTRODqNez4zb4RLw,5.0,"['Local Flavor', ' Public Art', ' Museums', ' Nightlife', ' Arts & Entertainment', ' Music Venues']",The Music Box Village,LA,"{'Friday': '12:0-19:0', 'Saturday': '12:0-18:0', 'Sunday': '12:0-18:0'}",New Orleans,4557 N Rampart St
IOZrqUQ2Jg6UeQ5CWpsmkg,5.0,"['Convenience Stores', ' Food', ' Grocery', ' Coffee & Tea', ' Beer', ' Wine & Spirits']",Nesbit's Magazine Street Market,LA,"{'Monday': '8:0-15:0', 'Tuesday': '12:0-18:0', 'Wednesday': '12:0-18:0', 'Thursday': '12:0-18:0', 'Friday': '12:0-20:0', 'Saturday': '12:0-20:0', 'Sunday': '12:0-20:0'}",New Orleans,301 Magazine St
5gLjr0BZzm6EY07bp7_LSA,5.0,"['Beauty & Spas', ' Barbers']",Templet's Russell Barber Shop,LA,"{'Tuesday': '9:30-14:30', 'Wednesday': '9:30-14:30', 'Thursday': '13:0-17:30', 'Friday': '9:30-14:30', 'Saturday': '9:30-14:30'}",New Orleans,143 Delaronde St
BQkH3UGGtXzU4IfZewaw_w,5.0,"['Health & Medical', ' Beauty & Spas', ' Massage Therapy', ' Day Spas', ' Massage']",WobbeMassage,LA,"{'Monday': '0:0-0:0', 'Tuesday': '10:30-20:0', 'Thursday': '13:0-19:0', 'Friday': '11:0-18:0', 'Saturday': '14:0-19:0'}",New Orleans,2940 Canal St
FbGjCCc7bbJVWq3Kt5lamQ,5.0,"['Walking Tours', ' Tours', ' Hotels & Travel', ' Historical Tours']",Ernie's Tours,LA,"{'Monday': '0:0-0:0', 'Tuesday': '9:0-21:0', 'Wednesday': '9:0-21:0', 'Thursday': '9:0-21:0', 'Friday': '9:0-21:0', 'Saturday': '9:0-21:0'}",New Orleans,"828 Bourbon St, Apt E"
3J3aZkNvgCh-LKeUrSB1FQ,5.0,"['Home & Garden', ' Hardware Stores', ' Shopping']",Ace Hardware Oak Street,LA,"{'Monday': '8:0-17:30', 'Tuesday': '8:0-17:30', 'Wednesday': '8:0-17:30', 'Thursday': '8:0-17:30', 'Friday': '8:0-17:30', 'Saturday': '8:0-16:30'}",New Orleans,8338 Oak St
5RXu-z4IRQFhkdB1R01yHA,5.0,"['Home Services', ' Home Cleaning', ' Office Cleaning', ' Local Services', ' Handyman', ' Heating & Air Conditioning/HVAC', ' Carpet Cleaning', ' Pressure Washers', ' Professional Services']",Brooms N Buckets,LA,"{'Monday': '0:0-0:0', 'Tuesday': '9:0-17:0', 'Wednesday': '9:0-17:0', 'Thursday': '9:0-17:0', 'Friday': '9:0-17:0', 'Saturday': '9:0-14:0'}",New Orleans,"201 Saint Charles Ave, Ste 2500"
5TUFmLAo5f-pzjrVouM1ug,5.0,"['Lice Services', ' Health & Medical']",Nitpicking in NOLA,LA,"{'Monday': '5:0-23:0', 'Tuesday': '5:0-23:0', 'Wednesday': '5:0-23:0', 'Thursday': '5:0-23:0', 'Friday': '5:0-23:0', 'Saturday': '5:0-23:0', 'Sunday': '5:0-23:0'}",New Orleans,
voKcGki0lA5JETqKFwm6AA,5.0,"['Barbers', "" Men's Hair Salons"", ' Hair Salons', ' Beauty & Spas']",Factotum Barber + Supply,LA,,New Orleans,902 Piety St
NJXvZ25bka5hHEPa3PmJVA,1.5,"['Local Services', ' Shipping Centers']",United Parcel Service,MA,,Lynnfield,110 Kimball Ln
GF8wA1VpmGrxGghjppLTiw,1.0,"['Home Services', ' Home Cleaning']",YOCO Maids & Cleaning,MA,,Boston,
9gU9waGZhzOOpUy78O_YBQ,2.5,"['Oil Change Stations', ' Wheel & Rim Repair', ' Automotive', ' Towing', ' Auto Repair', ' Auto Parts & Supplies']",Mr Brakes,MI,"{'Monday': '8:0-18:0', 'Tuesday': '8:0-18:0', 'Wednesday': '8:0-18:0', 'Thursday': '8:0-18:0', 'Friday': '8:0-18:0', 'Saturday': '8:0-15:0'}",Roseville,26671 Gratiot Ave
_raU4FUxWzx30V6DCDSKiA,5.0,"['Sporting Goods', ' Shoe Stores', ' Shopping', ' Fashion']",Fleet Feet Sports,MO,"{'Monday': '10:0-20:0', 'Tuesday': '10:0-20:0', 'Wednesday': '10:0-20:0', 'Thursday': '10:0-20:0', 'Friday': '10:0-20:0', 'Saturday': '10:0-17:0', 'Sunday': '12:0-17:0'}",Fenton,504 Old Smizer Mill Rd
wwHswDU1t8T-8DAuKI3WdQ,5.0,"['Fashion', ' Sewing & Alterations', ' Leather Goods', ' Shopping', ' Furniture Reupholstery', ' Local Services', ' Shoe Repair']",Robbi's Custom Leather Goods,MO,"{'Monday': '10:0-18:0', 'Tuesday': '10:0-18:0', 'Wednesday': '10:0-18:0', 'Thursday': '10:0-18:0', 'Friday': '10:0-18:0', 'Saturday': '10:0-18:0'}",Saint Louis,5104 Hampton Ave
1oDLf788824qQh-8Shl3sw,5.0,"['Food', ' Donuts']",Boogyz Donuts,MO,"{'Saturday': '5:0-14:0', 'Sunday': '6:0-13:0'}",University City,6951 Olive Blvd
QN7JpoH3Qu-Y-EhXdxrkMQ,5.0,"['Event Planning & Services', ' Bed & Breakfast', ' Hotels', ' Hotels & Travel']",Fleur-de-Lys Mansion,MO,"{'Monday': '10:0-19:0', 'Tuesday': '10:0-19:0', 'Wednesday': '10:0-19:0', 'Thursday': '10:0-19:0', 'Friday': '10:0-19:0', 'Saturday': '10:0-19:0', 'Sunday': '10:0-19:0'}",Saint Louis,3500 Russell Blvd
U0JBeQwbPrWi5FKr7vt6pA,5.0,"['Real Estate', ' Home Services', ' Real Estate Services', ' Real Estate Agents']",Dan Brassil,MO,"{'Monday': '0:0-0:0', 'Tuesday': '0:0-0:0', 'Wednesday': '0:0-0:0', 'Thursday': '0:0-0:0', 'Friday': '0:0-0:0', 'Saturday': '0:0-0:0', 'Sunday': '0:0-0:0'}",Saint Louis,601 E Lockwood Ave
K2DH_MEvB3Uozvuc4jvJQQ,5.0,"['Leather Goods', ' Home & Garden', ' Flowers & Gifts', ' Home Decor', ' Gift Shops', ' Fashion', ' Shopping', ' Jewelry']",Urban Matter,MO,"{'Monday': '0:0-0:0', 'Tuesday': '11:0-18:0', 'Wednesday': '11:0-18:0', 'Thursday': '11:0-18:0', 'Friday': '10:0-15:0', 'Saturday': '11:0-18:0', 'Sunday': '11:0-16:0'}",Saint Louis,3179 S Grand Blvd
DZxerONFBdoY0zFYeeOc0Q,5.0,"['Museums', ' Arts & Entertainment']",St. Louis Kaplan Feldman Holocaust Museum,MO,"{'Monday': '9:30-16:30', 'Tuesday': '9:30-16:30', 'Wednesday': '9:30-16:30', 'Thursday': '9:30-16:30', 'Friday': '9:30-16:30'}",Saint Louis,12 Millstone Campus Dr
hk65swoBSuzq6ITMXkB1aw,5.0,"['Dry Cleaning & Laundry', ' Shopping', ' Professional Services', ' Baby Gear & Furniture', ' Fashion', "" Children's Clothing"", ' Local Services', ' Laundry Services', ' Laundromat']",Simply Clean Laundry Service,MO,"{'Monday': '7:0-16:0', 'Tuesday': '7:0-16:0', 'Wednesday': '7:0-16:0', 'Thursday': '7:0-16:0', 'Friday': '7:0-16:0'}",St. Louis,10420 Liberty Ave
1cLhfVUILUQ9u6C9XtwcNg,5.0,"['Lounges', ' Bars', ' Nightlife', ' Arts & Entertainment', ' Art Galleries', ' Shopping', ' Cocktail Bars']",Sophie's Artist Lounge,MO,"{'Monday': '0:0-0:0', 'Wednesday': '17:0-1:30', 'Thursday': '16:0-1:30', 'Friday': '16:0-1:30', 'Saturday': '16:0-1:30'}",St. Louis,"3333 Washington Ave, Ste 102"
fAACT0qzYnDIhuLFEk8FcA,5.0,"['Fashion', ' Shopping', ' Accessories', "" Men's Clothing"", ' Department Stores', "" Women's Clothing""]",Buckle,MO,"{'Monday': '11:0-20:0', 'Tuesday': '11:0-20:0', 'Wednesday': '11:0-20:0', 'Thursday': '11:0-20:0', 'Friday': '11:0-20:0', 'Saturday': '10:0-21:0', 'Sunday': '11:0-18:0'}",Des Peres,"26 W County Ctr, Ste 1080"
gCF0QQWzI9lDouhLfTbYCA,5.0,"['Restaurants', ' American (Traditional)', ' Food Trucks', ' Burgers', ' Food']",MudMan Food Truck,MT,"{'Tuesday': '17:0-19:30', 'Wednesday': '11:0-17:0'}",Kalispell,
em474WuTw7-OkhPfX4EohA,2.0,"['Breakfast & Brunch', ' Coffee & Tea', ' Food', ' American (New)', ' Diners', ' Restaurants', ' American (Traditional)', ' Burgers']",IHOP,NC,"{'Monday': '0:0-0:0', 'Tuesday': '7:0-15:0', 'Wednesday': '7:0-15:0', 'Thursday': '7:0-15:0', 'Friday': '7:0-15:0', 'Saturday': '7:0-15:0', 'Sunday': '7:0-15:0'}",Boone,702 Blowing Rock Rd
lwItZ1Ck3KtpCgG4CPFmpQ,5.0,"['DUI Law', ' Professional Services', ' Lawyers', ' Criminal Defense Law']",Stomel Elliot Attorney-At-Law,NJ,"{'Monday': '0:0-0:0', 'Tuesday': '0:0-0:0', 'Wednesday': '0:0-0:0', 'Thursday': '0:0-0:0', 'Friday': '0:0-0:0', 'Saturday': '0:0-0:0', 'Sunday': '0:0-0:0'}",Cherry Hill,"532 Rte 70 W, Fl 2"
lAd7PwbmfpirUngbb6uCiA,5.0,"['Hair Extensions', ' Hair Salons', ' Hair Stylists', ' Beauty & Spas', ' Blow Dry/Out Services']",Studio 240,NJ,"{'Tuesday': '11:0-18:30', 'Wednesday': '11:0-18:30', 'Thursday': '11:0-18:30', 'Friday': '11:0-18:0', 'Saturday': '9:0-15:0'}",Woodbury,240 S Broad St
EPDRXctqbR9fJRW881zSDA,5.0,"['Art Classes', ' Party & Event Planning', ' Education', ' Paint & Sip', ' Arts & Entertainment', ' Event Planning & Services']",Painting with a Twist,NJ,"{'Monday': '12:0-18:0', 'Tuesday': '12:0-18:0', 'Wednesday': '12:0-18:0', 'Thursday': '12:0-18:0', 'Friday': '12:0-18:0', 'Saturday': '12:0-18:0', 'Sunday': '12:0-18:0'}",Haddonfield,115 E. Kings Hw.
mYbEGFsRcA0tfUNSYcBJMA,5.0,"['American (New)', ' Restaurants']",Golden River Restaurant,NJ,,Riverside,"8 E Scott St, Ste 10"
kJXpZfEneOByy7WoVZEW8w,5.0,"['Music & DVDs', ' Shopping', ' Vinyl Records', ' Books', ' Mags', ' Music & Video']",Phidelity Records,NJ,"{'Tuesday': '12:0-18:0', 'Wednesday': '12:0-18:0', 'Thursday': '12:0-18:0', 'Friday': '12:0-18:0', 'Saturday': '12:0-18:0', 'Sunday': '12:0-16:0'}",Haddon Township,12 Haddon Ave
koeubKPpi6ax4FDh7_zcWg,5.0,"['Cafes', ' Restaurants', ' Food', ' Coffee & Tea']",Palo De Azucar Cafe,NJ,"{'Monday': '6:0-18:0', 'Tuesday': '6:0-18:0', 'Wednesday': '6:0-18:0', 'Thursday': '6:0-18:0', 'Friday': '6:0-18:0', 'Saturday': '6:0-16:0'}",Trenton,862 S Broad St
Gpx16uVu36_Tl6LRBBzXmg,5.0,"['Sporting Goods', ' Skate Shops', ' Surfing', ' Shopping', ' Active Life']",Sunrise Surf And Skateboard Shop,NJ,"{'Tuesday': '11:0-18:0', 'Wednesday': '11:0-18:0', 'Thursday': '11:0-18:0', 'Friday': '11:0-18:0', 'Saturday': '10:0-16:0'}",Cherry Hill,259 Marlton Pike E
qjbnku0rUULzjeaHtH9GCw,5.0,"['Health & Medical', ' Chiropractors']",Moorestown Chiropractic and Wellness,NJ,,Moorestown,128 Bortons Landing Rd
J-jTtdjLEEIHZW7X6NVzMQ,5.0,"['Pet Services', ' Pet Groomers', ' Pet Stores', ' Pets']",Hot Diggity Dog,NJ,"{'Monday': '9:0-18:0', 'Tuesday': '9:0-18:0', 'Wednesday': '9:0-18:0', 'Thursday': '9:0-18:0', 'Friday': '9:0-18:0', 'Saturday': '9:0-17:0', 'Sunday': '10:0-15:0'}",Sewell,425 Salina Rd
o6ka0FqoToYMXCRVajtXIQ,5.0,"['Desserts', ' Food']",Stio's Water Ice And Ice Cream Washington Township,NJ,,Washington Township,138 Fries Mill Rd
fSCNwMtNNQY9QT69Cj9fiA,5.0,"['Musicians', ' DJs', ' Karaoke', ' Event Planning & Services', ' Nightlife']",Sierra Pro Events,NV,"{'Monday': '9:0-17:0', 'Tuesday': '9:0-17:0', 'Wednesday': '9:0-17:0', 'Thursday': '9:0-17:0', 'Friday': '9:0-17:0', 'Saturday': '9:0-17:0', 'Sunday': '9:0-17:0'}",Sparks,
gbN4RuUiiBxQ2GBFQ2p3Cw,5.0,"['Food Trucks', ' Food']",Mr. Margarita,NV,,Fernley,Truck Inn Way
yswijv6wP2fKbMqAiEZ0vw,5.0,"['Active Life', ' Basketball Courts', ' Stadiums & Arenas', ' Arts & Entertainment', ' Professional Sports Teams']",Reno Bighorns,NV,"{'Monday': '9:0-17:0', 'Tuesday': '9:0-17:0', 'Wednesday': '9:0-17:0', 'Thursday': '9:0-17:0', 'Friday': '9:0-17:0'}",Reno,400 N Center St
_WRe3ql2DI_h3htr77Siew,5.0,"['Nightlife', ' Lounges', ' Bars']",The Office,NV,"{'Tuesday': '16:30-23:30', 'Wednesday': '16:30-23:30', 'Thursday': '16:30-23:30', 'Friday': '16:30-23:30', 'Saturday': '16:30-23:30', 'Sunday': '16:30-23:30'}",Reno,248 W 1st St
Eb8GseQXa1ZICrmCwbXmPQ,5.0,"[""Women's Clothing"", ' Bespoke Clothing', ' Sewing & Alterations', ' Shopping', ' Local Services', ' Laundry Services', ' Fashion', ' Dry Cleaning']",Yerli's Alterations & Tailoring,NV,"{'Monday': '10:30-19:0', 'Tuesday': '10:30-19:0', 'Wednesday': '10:30-19:0', 'Thursday': '10:30-19:0', 'Friday': '10:30-19:0', 'Saturday': '12:0-17:0'}",Reno,"5487 Meadowood Mall, Ste C131"
kKb00Oj96n5YYqMSDzx1IA,5.0,"['Weight Loss Centers', ' Health & Medical', ' Beauty & Spas', ' Eyelash Service', ' Skin Care', ' Permanent Makeup', ' Cryotherapy']",Lush Ink & Skin Studio,NV,"{'Monday': '0:0-0:0', 'Tuesday': '9:0-17:0', 'Wednesday': '9:0-19:0', 'Thursday': '9:0-19:0', 'Friday': '9:0-18:0', 'Saturday': '10:0-18:0'}",Reno,"577 South Meadows Pkwy, Ste 6, Reno Breathe Bar"
CNVapZiNGgqVrkEwmS8INQ,5.0,"['Active Life', ' Escape Games', ' Arts & Entertainment']",Deadline Escape Rooms,NV,"{'Tuesday': '16:0-20:0', 'Wednesday': '16:0-20:0', 'Thursday': '16:0-20:0', 'Friday': '15:45-23:15', 'Saturday': '12:15-23:15', 'Sunday': '12:15-19:45'}",Reno,7111 South Virginia St
zyrBKxaJD7Gj1VyYALdvZQ,5.0,"['Painters', ' Home Services']",Ochiltree Painting,NV,,Reno,
9BQXDFd55VUt4YDRPvwt0w,5.0,"['Automotive', ' Tires']",Tread Connection,NV,"{'Monday': '0:0-0:0', 'Tuesday': '8:0-18:0', 'Wednesday': '8:0-18:0', 'Thursday': '8:0-18:0', 'Friday': '8:0-18:0'}",Reno,
GiyWpSiEUUWqZTUcG3LRkw,5.0,"['Educational Services', ' Education', ' Vocational & Technical School', ' Specialty Schools']",Breakthrough Training,NV,"{'Monday': '8:0-17:0', 'Tuesday': '8:0-17:0', 'Wednesday': '8:0-17:0', 'Thursday': '8:0-17:0', 'Friday': '8:0-17:0'}",Reno,"140 Washington St, Ste 100"
PSo_C1Sfa13JHjzVNW6ziQ,5.0,"['Pet Services', ' Pet Groomers', ' Pets', ' Veterinarians']",Indian Walk Veterinary Center,PA,"{'Monday': '8:0-19:0', 'Tuesday': '8:0-19:0', 'Wednesday': '8:0-19:0', 'Thursday': '8:0-19:0', 'Friday': '8:0-17:0', 'Saturday': '9:0-13:0'}",Newtown,662 Durham Rd
ABxoFuzZy5mqQ8C5FJJajQ,5.0,"['Restaurants', ' Italian']",Core de Roma,PA,"{'Tuesday': '15:0-20:30', 'Wednesday': '15:0-20:30', 'Thursday': '15:0-20:30', 'Friday': '15:0-20:30', 'Saturday': '15:0-20:30', 'Sunday': '15:0-20:30'}",Bala Cynwyd,201 Jefferson St
8KMIT0NXu30Jz5Ojo5uxaw,5.0,"['Fitness & Instruction', ' Physical Therapy', ' Health & Medical', ' Active Life', ' Trainers']",Cornerstone Physical Therapy Associates,PA,"{'Monday': '9:0-19:0', 'Tuesday': '9:0-15:30', 'Wednesday': '9:0-19:0', 'Thursday': '9:0-15:30', 'Friday': '9:0-15:0'}",Bensalem,"1338 Bristol Pike, Ste 203"
GWGXTKR0Fhdvzf_isDqJug,5.0,"['Real Estate', ' Home Services', ' Real Estate Agents']","David Gower, Jr.  - Coldwell Banker Preferred",PA,"{'Monday': '9:0-19:0', 'Tuesday': '9:0-19:0', 'Wednesday': '9:0-19:0', 'Thursday': '9:0-19:0', 'Friday': '9:0-19:0', 'Saturday': '9:0-19:0', 'Sunday': '9:0-19:0'}",Philadelphia,"325 Chestnut St, Ste 1300"
h-y5azB-VlQAT3m7Ff2g2Q,5.0,"['Fashion', ' Shopping', "" Men's Clothing""]",P's & Q's - Premium Quality,PA,,Philadelphia,820 S St
5BYQP7i7ckUlgSzX4Yhnmw,5.0,"['Home Cleaning', ' Home Services', ' Office Cleaning', ' Professional Services', ' Window Washing']",A-1 Expert Cleaning Services,PA,"{'Monday': '7:0-22:0', 'Tuesday': '7:0-22:0', 'Wednesday': '7:0-22:0', 'Thursday': '7:0-22:0', 'Friday': '7:0-22:0', 'Saturday': '7:0-22:0', 'Sunday': '7:0-22:0'}",Levittown,34 Ring Ln
tVdJ7CgBGAQ_nLomYXbB-Q,5.0,"['Wildlife Control', ' Local Services', ' Pest Control']",Cunningham Pest Control,PA,"{'Monday': '0:0-0:0', 'Tuesday': '0:0-0:0', 'Wednesday': '0:0-0:0', 'Thursday': '0:0-0:0', 'Friday': '0:0-0:0', 'Saturday': '0:0-0:0', 'Sunday': '0:0-0:0'}",Havertown,"1125 W Chester Pike, Ste 178"
8ThWgxiTB83nrIGbZQnNBg,5.0,"['Pet Services', ' Pet Sitting', ' Pets']",Creature Comforts Pet Sitting,PA,,Ardmore,
s-A1_pxGRYL2x4gONVzvFA,5.0,"['Mountain Biking', ' Bike Repair/Maintenance', ' Shopping', ' Bikes', ' Active Life', ' Local Services', ' Sporting Goods']",Easy Rider Repair,PA,"{'Monday': '9:0-21:0', 'Tuesday': '9:0-21:0', 'Wednesday': '9:0-21:0', 'Thursday': '9:0-21:0', 'Friday': '9:0-21:0', 'Saturday': '9:0-21:0', 'Sunday': '9:0-21:0'}",Delaware County,
vSE6lkp5FBcttPxEbQ9XCw,5.0,"['Health & Medical', ' Medical Spas', ' Beauty & Spas', ' Skin Care', ' Makeup Artists']",Kim Kelly & Co Clinical Skin Care,PA,"{'Monday': '10:0-17:0', 'Tuesday': '10:0-17:0', 'Wednesday': '9:0-17:0', 'Friday': '9:0-15:0'}",Doylestown,"252 W Swamp Rd, Ste 56"
RXW3WsOBAkspYaJ96GRQUg,4.5,"['Beauty & Spas', ' Hair Salons', ' Massage', ' Nail Salons', ' Day Spas', ' Barbers', ' Skin Care']",K Soho Salon,SD,"{'Tuesday': '10:0-18:30', 'Wednesday': '10:0-18:30', 'Thursday': '10:0-18:30', 'Friday': '10:0-18:30', 'Saturday': '10:0-18:30'}",Tampa,"715 S Howard Ave, Ste 100"
_mf0QKI1Jlk8zRinr-56FA,5.0,"['Car Dealers', ' Automotive', ' Used Car Dealers', ' Auto Repair']",Jaguar Nashville,TN,"{'Monday': '7:30-18:0', 'Tuesday': '7:30-18:0', 'Wednesday': '7:30-18:0', 'Thursday': '7:30-18:0', 'Friday': '7:30-18:0', 'Saturday': '9:0-17:0'}",Brentwood,3 Cadillac Dr
1dSKEitDDgIkaApe6UNMSA,5.0,"['Caribbean', ' Food', ' Restaurants', ' Food Trucks']",The Pepper Pott,TN,"{'Monday': '0:0-0:0', 'Friday': '11:0-18:0', 'Saturday': '11:0-18:0', 'Sunday': '11:0-18:0'}",Nashville,4611 Alabama Ave
PENtXTN19SYMMmFYYbA_Gw,5.0,"['Oil Change Stations', ' Auto Repair', ' Automotive']",Lubrication Corner,TN,"{'Monday': '8:0-17:0', 'Tuesday': '8:0-17:0', 'Wednesday': '8:0-17:0', 'Thursday': '8:0-17:0', 'Friday': '8:0-17:0'}",Franklin,705 Columbia Ave
U8N-E8P9UOL_g0VxMCF3Mg,5.0,"['Automotive', ' Oil Change Stations', ' Transmission Repair', ' Auto Repair']",A.K. Lube & Auto,TN,"{'Monday': '0:0-0:0', 'Tuesday': '8:0-17:0', 'Wednesday': '8:0-17:0', 'Thursday': '8:0-17:0', 'Friday': '8:0-17:0', 'Saturday': '8:0-14:0'}",Kingston Springs,134 Petro Rd
W5tIz4sl1yRW_fOXHoGVzQ,5.0,"['Yoga', ' Pilates', ' Fitness & Instruction', ' Barre Classes', ' Active Life']",barre3 Nashville - The Gulch,TN,"{'Monday': '6:0-20:0', 'Tuesday': '7:0-20:0', 'Wednesday': '6:0-20:0', 'Thursday': '7:0-20:0', 'Friday': '6:0-20:0', 'Saturday': '8:30-13:15', 'Sunday': '9:45-17:15'}",Nashville,501 12th Ave S
NrL5xcCR9Zhy8kh5mHwvWw,5.0,"['Makeup Artists', ' Hair Salons', ' Beauty & Spas']",Paige Simmons Salon,TN,"{'Tuesday': '10:0-18:30', 'Wednesday': '10:0-18:30', 'Thursday': '10:0-18:30', 'Friday': '10:0-18:30', 'Saturday': '9:30-14:30'}",Nashville,3011 Poston Ave
0_bq30K9LWJP16wCrKUD5w,5.0,"['Jewelry', ' Shopping', ' Watch Repair', ' Bridal', ' Local Services']",Barker Diamond Company,TN,"{'Monday': '11:0-17:0', 'Tuesday': '11:0-17:0', 'Wednesday': '11:0-17:0', 'Thursday': '11:0-17:0', 'Friday': '11:0-17:0'}",Nashville,"2200 21st Ave S, Ste 106"
OIeDCcIR7GKOyDFkkG6f-Q,5.0,"['Automotive', ' Auto Repair', ' Transmission Repair', ' Towing']",Coleman Taylor Transmissions,TN,"{'Monday': '7:30-17:0', 'Tuesday': '7:30-17:0', 'Wednesday': '7:30-17:0', 'Thursday': '7:30-17:0', 'Friday': '7:30-17:0'}",Franklin,318 Downs Blvd
jg1adoNcXd4nWkP9wWUYwQ,5.0,"['Security Systems', ' Data Recovery', ' Home Theatre Installation', ' IT Services & Computer Repair', ' Home Services', ' Home Automation', ' TV Mounting', ' Local Services']",Tech Next Door,TN,"{'Monday': '0:0-0:0', 'Tuesday': '9:0-21:0', 'Wednesday': '9:0-21:0', 'Thursday': '9:0-21:0', 'Friday': '9:0-21:0', 'Saturday': '8:0-22:0', 'Sunday': '10:0-18:0'}",Nashville,
WJkn1P09sKDpFrP2YHpJhw,5.0,"['Sewing & Alterations', ' Bridal', ' Local Services', ' Shopping', ' Bespoke Clothing']",Joy Bridal Studio,TN,"{'Monday': '10:0-16:0', 'Tuesday': '10:0-16:0', 'Wednesday': '10:0-16:0', 'Thursday': '10:0-16:0', 'Friday': '10:0-16:0'}",Brentwood,5008 Thoroughbred Ln
qw_eRqiGeYwsbTfkpd_Pqg,5.0,"['Beauty & Spas', ' Makeup Artists', ' Hair Salons', ' Hair Stylists']",Southern Luxe Beauty,TX,"{'Monday': '5:0-23:0', 'Tuesday': '5:0-23:0', 'Wednesday': '5:0-23:0', 'Thursday': '5:0-23:0', 'Friday': '5:0-23:0', 'Saturday': '5:0-23:0', 'Sunday': '5:0-23:0'}",Mount Juliet,31 Eagles Ct
kEjAs-w4dN9W1n6jE7Tivg,3.0,"['Real Estate', ' Home Services', ' Apartments']",Residences at Glenview Reserve Apartment Homes,TX,"{'Monday': '10:0-18:0', 'Tuesday': '9:0-18:0', 'Wednesday': '9:0-18:0', 'Thursday': '10:0-18:0', 'Friday': '9:0-18:0', 'Saturday': '10:0-17:0'}",Nashville,100 Arbor Creek Blvd
oTRrNy5VIaTw7MKEvxZl7A,2.0,"['Shopping', ' Outdoor Furniture Stores', ' Home Decor', ' Jewelry', ' Home & Garden']",Wildlife Wonders,TX,"{'Monday': '9:0-17:0', 'Tuesday': '9:0-17:0', 'Wednesday': '9:0-17:0', 'Thursday': '9:0-17:0', 'Friday': '9:0-17:0'}",Austin,"7703 N Lamar Blvd, Ste 118"
Zo2tRIvtAfoENtbw2USoYg,1.5,"['Real Estate', ' Home Services', ' Apartments']",2400 Briarwest,TX,"{'Monday': '9:0-18:0', 'Tuesday': '9:0-18:0', 'Wednesday': '9:0-18:0', 'Thursday': '9:0-18:0', 'Friday': '9:0-18:0', 'Saturday': '10:0-17:0', 'Sunday': '13:0-17:0'}",Houston,2400 Briarwest Blvd
f-S2Y0OO00cQjo8yj3upKg,4.5,"['Health & Medical', ' Fitness & Instruction', ' Trainers', ' Active Life', ' Yoga', ' Nutritionists']",Find Your Zen,UT,,Eagle,
QQXwvLlbMtnAgjY8YKEzuA,2.5,"['Boating', ' Boat Charters', ' Hotels & Travel', ' Vacation Rentals', ' Event Planning & Services', ' Active Life']",The Moorings,VI,"{'Monday': '8:0-20:0', 'Tuesday': '8:0-20:0', 'Wednesday': '8:0-20:0', 'Thursday': '8:0-20:0', 'Friday': '8:0-20:0', 'Saturday': '10:0-16:0', 'Sunday': '10:0-16:0'}",Tortola,
g0fYqQRRKmYIfChE4jMLsg,4.5,"['Oil Change Stations', ' Automotive', ' Gas Stations', ' Roadside Assistance', ' Auto Repair', ' Tires', ' Towing']",All Service Citgo,VT,"{'Monday': '0:0-0:0', 'Tuesday': '0:0-0:0', 'Wednesday': '0:0-0:0', 'Thursday': '0:0-0:0', 'Friday': '0:0-0:0', 'Saturday': '0:0-0:0', 'Sunday': '0:0-0:0'}",Bennington,212 Lincoln St
qbh_Xg-wfgk_qINdyApMag,4.5,"['Oil Change Stations', ' Automotive']",Valvoline Instant Oil Change,WA,"{'Monday': '0:0-0:0', 'Tuesday': '8:0-18:30', 'Wednesday': '8:0-18:30', 'Thursday': '8:0-18:30', 'Friday': '8:0-18:30', 'Saturday': '7:30-18:0', 'Sunday': '9:30-17:0'}",College Place,325 NE Myra Road
kNK3tjrKa6e_Tf9c9WWehA,2.5,"['Beauty & Spas', ' Nail Salons']",Suave Nails,WA,,Spokane,4013 N Market St
IvQs2hhXKZ4NgZhVZ5jjjQ,4.0,"['Caterers', ' Breakfast & Brunch', ' Convenience Stores', ' Food', ' Restaurants', ' Event Planning & Services']",Pumpernickles Catering,XMS,,Liverpool,95a Mount Pleasant
